Percentiles,HTTP Request
0.1,4.0
0.2,4.0
0.3,5.0
0.4,5.0
0.5,5.0
0.6,6.0
0.7,6.0
0.8,6.0
0.9,6.0
1.0,6.0
1.1,7.0
1.2,7.0
1.3,7.0
1.4,7.0
1.5,7.0
1.6,7.0
1.7,8.0
1.8,8.0
1.9,8.0
2.0,8.0
2.1,8.0
2.2,8.0
2.3,8.0
2.4,9.0
2.5,9.0
2.6,9.0
2.7,9.0
2.8,9.0
2.9,9.0
3.0,9.0
3.1,9.0
3.2,10.0
3.3,10.0
3.4,10.0
3.5,10.0
3.6,10.0
3.7,10.0
3.8,10.0
3.9,10.0
4.0,10.0
4.1,11.0
4.2,11.0
4.3,11.0
4.4,11.0
4.5,11.0
4.6,11.0
4.7,11.0
4.8,11.0
4.9,11.0
5.0,12.0
5.1,12.0
5.2,12.0
5.3,12.0
5.4,12.0
5.5,12.0
5.6,12.0
5.7,12.0
5.8,12.0
5.9,12.0
6.0,12.0
6.1,13.0
6.2,13.0
6.3,13.0
6.4,13.0
6.5,13.0
6.6,13.0
6.7,13.0
6.8,13.0
6.9,13.0
7.0,13.0
7.1,13.0
7.2,14.0
7.3,14.0
7.4,14.0
7.5,14.0
7.6,14.0
7.7,14.0
7.8,14.0
7.9,14.0
8.0,14.0
8.1,14.0
8.2,15.0
8.3,15.0
8.4,15.0
8.5,15.0
8.6,15.0
8.7,15.0
8.8,15.0
8.9,15.0
9.0,15.0
9.1,15.0
9.2,15.0
9.3,15.0
9.4,16.0
9.5,16.0
9.6,16.0
9.7,16.0
9.8,16.0
9.9,16.0
10.0,16.0
10.1,16.0
10.2,16.0
10.3,16.0
10.4,16.0
10.5,16.0
10.6,17.0
10.7,17.0
10.8,17.0
10.9,17.0
11.0,17.0
11.1,17.0
11.2,17.0
11.3,17.0
11.4,17.0
11.5,17.0
11.6,17.0
11.7,18.0
11.8,18.0
11.9,18.0
12.0,18.0
12.1,18.0
12.2,18.0
12.3,18.0
12.4,18.0
12.5,18.0
12.6,18.0
12.7,18.0
12.8,19.0
12.9,19.0
13.0,19.0
13.1,19.0
13.2,19.0
13.3,19.0
13.4,19.0
13.5,19.0
13.6,19.0
13.7,19.0
13.8,19.0
13.9,20.0
14.0,20.0
14.1,20.0
14.2,20.0
14.3,20.0
14.4,20.0
14.5,20.0
14.6,20.0
14.7,20.0
14.8,20.0
14.9,20.0
15.0,20.0
15.1,21.0
15.2,21.0
15.3,21.0
15.4,21.0
15.5,21.0
15.6,21.0
15.7,21.0
15.8,21.0
15.9,21.0
16.0,21.0
16.1,21.0
16.2,21.0
16.3,22.0
16.4,22.0
16.5,22.0
16.6,22.0
16.7,22.0
16.8,22.0
16.9,22.0
17.0,22.0
17.1,22.0
17.2,22.0
17.3,22.0
17.4,22.0
17.5,22.0
17.6,23.0
17.7,23.0
17.8,23.0
17.9,23.0
18.0,23.0
18.1,23.0
18.2,23.0
18.3,23.0
18.4,23.0
18.5,23.0
18.6,23.0
18.7,23.0
18.8,23.0
18.9,24.0
19.0,24.0
19.1,24.0
19.2,24.0
19.3,24.0
19.4,24.0
19.5,24.0
19.6,24.0
19.7,24.0
19.8,24.0
19.9,24.0
20.0,24.0
20.1,25.0
20.2,25.0
20.3,25.0
20.4,25.0
20.5,25.0
20.6,25.0
20.7,25.0
20.8,25.0
20.9,25.0
21.0,25.0
21.1,25.0
21.2,26.0
21.3,26.0
21.4,26.0
21.5,26.0
21.6,26.0
21.7,26.0
21.8,26.0
21.9,26.0
22.0,26.0
22.1,26.0
22.2,27.0
22.3,27.0
22.4,27.0
22.5,27.0
22.6,27.0
22.7,27.0
22.8,27.0
22.9,27.0
23.0,27.0
23.1,27.0
23.2,28.0
23.3,28.0
23.4,28.0
23.5,28.0
23.6,28.0
23.7,28.0
23.8,28.0
23.9,28.0
24.0,28.0
24.1,28.0
24.2,29.0
24.3,29.0
24.4,29.0
24.5,29.0
24.6,29.0
24.7,29.0
24.8,29.0
24.9,29.0
25.0,29.0
25.1,29.0
25.2,29.0
25.3,29.0
25.4,30.0
25.5,30.0
25.6,30.0
25.7,30.0
25.8,30.0
25.9,30.0
26.0,30.0
26.1,30.0
26.2,30.0
26.3,30.0
26.4,31.0
26.5,31.0
26.6,31.0
26.7,31.0
26.8,31.0
26.9,31.0
27.0,31.0
27.1,31.0
27.2,31.0
27.3,32.0
27.4,32.0
27.5,32.0
27.6,32.0
27.7,32.0
27.8,32.0
27.9,32.0
28.0,32.0
28.1,32.0
28.2,32.0
28.3,32.0
28.4,33.0
28.5,33.0
28.6,33.0
28.7,33.0
28.8,33.0
28.9,33.0
29.0,33.0
29.1,33.0
29.2,34.0
29.3,34.0
29.4,34.0
29.5,34.0
29.6,34.0
29.7,34.0
29.8,34.0
29.9,34.0
30.0,34.0
30.1,35.0
30.2,35.0
30.3,35.0
30.4,35.0
30.5,35.0
30.6,35.0
30.7,35.0
30.8,36.0
30.9,36.0
31.0,36.0
31.1,36.0
31.2,36.0
31.3,36.0
31.4,36.0
31.5,37.0
31.6,37.0
31.7,37.0
31.8,37.0
31.9,37.0
32.0,37.0
32.1,37.0
32.2,37.0
32.3,38.0
32.4,38.0
32.5,38.0
32.6,38.0
32.7,38.0
32.8,38.0
32.9,39.0
33.0,39.0
33.1,39.0
33.2,39.0
33.3,39.0
33.4,39.0
33.5,39.0
33.6,39.0
33.7,40.0
33.8,40.0
33.9,40.0
34.0,40.0
34.1,40.0
34.2,40.0
34.3,40.0
34.4,40.0
34.5,41.0
34.6,41.0
34.7,41.0
34.8,41.0
34.9,41.0
35.0,42.0
35.1,42.0
35.2,42.0
35.3,42.0
35.4,42.0
35.5,42.0
35.6,42.0
35.7,43.0
35.8,43.0
35.9,43.0
36.0,43.0
36.1,43.0
36.2,43.0
36.3,44.0
36.4,44.0
36.5,44.0
36.6,44.0
36.7,44.0
36.8,44.0
36.9,45.0
37.0,45.0
37.1,45.0
37.2,45.0
37.3,45.0
37.4,46.0
37.5,46.0
37.6,46.0
37.7,46.0
37.8,46.0
37.9,46.0
38.0,47.0
38.1,47.0
38.2,47.0
38.3,47.0
38.4,48.0
38.5,48.0
38.6,48.0
38.7,48.0
38.8,48.0
38.9,49.0
39.0,49.0
39.1,49.0
39.2,49.0
39.3,49.0
39.4,50.0
39.5,50.0
39.6,50.0
39.7,50.0
39.8,50.0
39.9,51.0
40.0,51.0
40.1,51.0
40.2,51.0
40.3,52.0
40.4,52.0
40.5,52.0
40.6,52.0
40.7,53.0
40.8,53.0
40.9,53.0
41.0,53.0
41.1,53.0
41.2,54.0
41.3,54.0
41.4,54.0
41.5,54.0
41.6,55.0
41.7,55.0
41.8,55.0
41.9,56.0
42.0,56.0
42.1,56.0
42.2,56.0
42.3,57.0
42.4,57.0
42.5,57.0
42.6,57.0
42.7,58.0
42.8,58.0
42.9,58.0
43.0,58.0
43.1,59.0
43.2,59.0
43.3,59.0
43.4,59.0
43.5,59.0
43.6,60.0
43.7,60.0
43.8,60.0
43.9,61.0
44.0,61.0
44.1,61.0
44.2,61.0
44.3,62.0
44.4,62.0
44.5,62.0
44.6,62.0
44.7,63.0
44.8,63.0
44.9,63.0
45.0,63.0
45.1,64.0
45.2,64.0
45.3,64.0
45.4,65.0
45.5,65.0
45.6,65.0
45.7,66.0
45.8,66.0
45.9,66.0
46.0,67.0
46.1,67.0
46.2,68.0
46.3,68.0
46.4,68.0
46.5,69.0
46.6,69.0
46.7,70.0
46.8,70.0
46.9,71.0
47.0,71.0
47.1,72.0
47.2,72.0
47.3,73.0
47.4,73.0
47.5,74.0
47.6,74.0
47.7,75.0
47.8,76.0
47.9,76.0
48.0,77.0
48.1,77.0
48.2,77.0
48.3,78.0
48.4,78.0
48.5,79.0
48.6,79.0
48.7,80.0
48.8,80.0
48.9,81.0
49.0,82.0
49.1,82.0
49.2,83.0
49.3,83.0
49.4,84.0
49.5,85.0
49.6,86.0
49.7,87.0
49.8,87.0
49.9,88.0
50.0,89.0
50.1,90.0
50.2,90.0
50.3,91.0
50.4,92.0
50.5,92.0
50.6,94.0
50.7,95.0
50.8,95.0
50.9,97.0
51.0,98.0
51.1,99.0
51.2,100.0
51.3,100.0
51.4,101.0
51.5,102.0
51.6,103.0
51.7,104.0
51.8,105.0
51.9,106.0
52.0,107.0
52.1,109.0
52.2,110.0
52.3,111.0
52.4,112.0
52.5,113.0
52.6,114.0
52.7,115.0
52.8,116.0
52.9,118.0
53.0,120.0
53.1,121.0
53.2,122.0
53.3,123.0
53.4,124.0
53.5,125.0
53.6,126.0
53.7,127.0
53.8,129.0
53.9,130.0
54.0,131.0
54.1,132.0
54.2,133.0
54.3,134.0
54.4,135.0
54.5,136.0
54.6,138.0
54.7,139.0
54.8,140.0
54.9,141.0
55.0,142.0
55.1,143.0
55.2,143.0
55.3,144.0
55.4,146.0
55.5,146.0
55.6,147.0
55.7,148.0
55.8,149.0
55.9,151.0
56.0,152.0
56.1,153.0
56.2,154.0
56.3,155.0
56.4,156.0
56.5,157.0
56.6,158.0
56.7,159.0
56.8,159.0
56.9,160.0
57.0,161.0
57.1,162.0
57.2,163.0
57.3,164.0
57.4,165.0
57.5,165.0
57.6,166.0
57.7,167.0
57.8,168.0
57.9,169.0
58.0,169.0
58.1,170.0
58.2,171.0
58.3,172.0
58.4,172.0
58.5,173.0
58.6,174.0
58.7,175.0
58.8,176.0
58.9,177.0
59.0,177.0
59.1,178.0
59.2,178.0
59.3,179.0
59.4,180.0
59.5,180.0
59.6,181.0
59.7,182.0
59.8,183.0
59.9,183.0
60.0,184.0
60.1,184.0
60.2,185.0
60.3,186.0
60.4,186.0
60.5,187.0
60.6,187.0
60.7,188.0
60.8,188.0
60.9,189.0
61.0,189.0
61.1,190.0
61.2,190.0
61.3,190.0
61.4,191.0
61.5,191.0
61.6,192.0
61.7,192.0
61.8,193.0
61.9,193.0
62.0,194.0
62.1,194.0
62.2,195.0
62.3,196.0
62.4,196.0
62.5,197.0
62.6,197.0
62.7,197.0
62.8,198.0
62.9,199.0
63.0,199.0
63.1,200.0
63.2,200.0
63.3,201.0
63.4,201.0
63.5,202.0
63.6,202.0
63.7,203.0
63.8,203.0
63.9,203.0
64.0,204.0
64.1,204.0
64.2,205.0
64.3,205.0
64.4,205.0
64.5,206.0
64.6,206.0
64.7,207.0
64.8,207.0
64.9,208.0
65.0,208.0
65.1,209.0
65.2,209.0
65.3,210.0
65.4,211.0
65.5,211.0
65.6,212.0
65.7,212.0
65.8,213.0
65.9,214.0
66.0,214.0
66.1,214.0
66.2,215.0
66.3,215.0
66.4,216.0
66.5,216.0
66.6,217.0
66.7,217.0
66.8,218.0
66.9,219.0
67.0,219.0
67.1,220.0
67.2,220.0
67.3,221.0
67.4,221.0
67.5,222.0
67.6,222.0
67.7,223.0
67.8,223.0
67.9,224.0
68.0,225.0
68.1,225.0
68.2,226.0
68.3,226.0
68.4,227.0
68.5,227.0
68.6,228.0
68.7,228.0
68.8,229.0
68.9,229.0
69.0,230.0
69.1,231.0
69.2,231.0
69.3,232.0
69.4,232.0
69.5,233.0
69.6,233.0
69.7,234.0
69.8,234.0
69.9,235.0
70.0,235.0
70.1,236.0
70.2,237.0
70.3,237.0
70.4,238.0
70.5,238.0
70.6,239.0
70.7,240.0
70.8,240.0
70.9,241.0
71.0,242.0
71.1,243.0
71.2,243.0
71.3,243.0
71.4,244.0
71.5,245.0
71.6,245.0
71.7,246.0
71.8,247.0
71.9,247.0
72.0,248.0
72.1,249.0
72.2,249.0
72.3,250.0
72.4,251.0
72.5,251.0
72.6,252.0
72.7,253.0
72.8,254.0
72.9,255.0
73.0,256.0
73.1,257.0
73.2,258.0
73.3,258.0
73.4,259.0
73.5,260.0
73.6,261.0
73.7,262.0
73.8,263.0
73.9,264.0
74.0,265.0
74.1,266.0
74.2,267.0
74.3,268.0
74.4,269.0
74.5,270.0
74.6,271.0
74.7,272.0
74.8,273.0
74.9,274.0
75.0,275.0
75.1,276.0
75.2,276.0
75.3,277.0
75.4,278.0
75.5,280.0
75.6,280.0
75.7,281.0
75.8,282.0
75.9,284.0
76.0,285.0
76.1,286.0
76.2,287.0
76.3,289.0
76.4,291.0
76.5,292.0
76.6,293.0
76.7,295.0
76.8,297.0
76.9,299.0
77.0,302.0
77.1,304.0
77.2,306.0
77.3,307.0
77.4,308.0
77.5,310.0
77.6,312.0
77.7,313.0
77.8,316.0
77.9,317.0
78.0,319.0
78.1,320.0
78.2,323.0
78.3,324.0
78.4,325.0
78.5,327.0
78.6,329.0
78.7,330.0
78.8,331.0
78.9,333.0
79.0,334.0
79.1,336.0
79.2,337.0
79.3,339.0
79.4,341.0
79.5,342.0
79.6,343.0
79.7,345.0
79.8,346.0
79.9,347.0
80.0,349.0
80.1,350.0
80.2,351.0
80.3,352.0
80.4,355.0
80.5,356.0
80.6,357.0
80.7,359.0
80.8,361.0
80.9,362.0
81.0,363.0
81.1,365.0
81.2,367.0
81.3,369.0
81.4,370.0
81.5,371.0
81.6,372.0
81.7,374.0
81.8,375.0
81.9,377.0
82.0,378.0
82.1,380.0
82.2,382.0
82.3,384.0
82.4,386.0
82.5,388.0
82.6,389.0
82.7,391.0
82.8,394.0
82.9,395.0
83.0,397.0
83.1,399.0
83.2,400.0
83.3,401.0
83.4,404.0
83.5,405.0
83.6,407.0
83.7,410.0
83.8,411.0
83.9,414.0
84.0,416.0
84.1,419.0
84.2,422.0
84.3,425.0
84.4,428.0
84.5,432.0
84.6,435.0
84.7,438.0
84.8,440.0
84.9,444.0
85.0,447.0
85.1,451.0
85.2,456.0
85.3,460.0
85.4,464.0
85.5,467.0
85.6,469.0
85.7,473.0
85.8,476.0
85.9,479.0
86.0,482.0
86.1,489.0
86.2,491.0
86.3,493.0
86.4,496.0
86.5,499.0
86.6,506.0
86.7,511.0
86.8,515.0
86.9,519.0
87.0,522.0
87.1,526.0
87.2,529.0
87.3,532.0
87.4,535.0
87.5,538.0
87.6,543.0
87.7,549.0
87.8,553.0
87.9,556.0
88.0,562.0
88.1,567.0
88.2,572.0
88.3,579.0
88.4,588.0
88.5,593.0
88.6,598.0
88.7,604.0
88.8,610.0
88.9,614.0
89.0,619.0
89.1,625.0
89.2,632.0
89.3,637.0
89.4,645.0
89.5,649.0
89.6,661.0
89.7,670.0
89.8,678.0
89.9,688.0
90.0,702.0
90.1,710.0
90.2,720.0
90.3,730.0
90.4,742.0
90.5,750.0
90.6,764.0
90.7,774.0
90.8,786.0
90.9,796.0
91.0,823.0
91.1,871.0
91.2,902.0
91.3,997.0
91.4,1029.0
91.5,1065.0
91.6,1091.0
91.7,1119.0
91.8,1144.0
91.9,1174.0
92.0,1246.0
92.1,1278.0
92.2,1303.0
92.3,1357.0
92.4,1378.0
92.5,1387.0
92.6,1404.0
92.7,1442.0
92.8,1458.0
92.9,1470.0
93.0,1491.0
93.1,1510.0
93.2,1524.0
93.3,1537.0
93.4,1552.0
93.5,1613.0
93.6,1672.0
93.7,1811.0
93.8,2009.0
93.9,2476.0
94.0,2519.0
94.1,2558.0
94.2,2585.0
94.3,2632.0
94.4,2703.0
94.5,2783.0
94.6,3020.0
94.7,3033.0
94.8,3043.0
94.9,3047.0
95.0,3054.0
95.1,3060.0
95.2,3064.0
95.3,3070.0
95.4,3076.0
95.5,3083.0
95.6,3086.0
95.7,3089.0
95.8,3093.0
95.9,3096.0
96.0,3099.0
96.1,3102.0
96.2,3105.0
96.3,3108.0
96.4,3111.0
96.5,3115.0
96.6,3118.0
96.7,3122.0
96.8,3127.0
96.9,3130.0
97.0,3134.0
97.1,3140.0
97.2,3143.0
97.3,3147.0
97.4,3151.0
97.5,3156.0
97.6,3160.0
97.7,3165.0
97.8,3174.0
97.9,3183.0
98.0,3192.0
98.1,3204.0
98.2,3216.0
98.3,3228.0
98.4,3248.0
98.5,3274.0
98.6,3290.0
98.7,3298.0
98.8,3307.0
98.9,3326.0
99.0,3336.0
99.1,3357.0
99.2,3374.0
99.3,3405.0
99.4,3435.0
99.5,3495.0
99.6,3547.0
99.7,3866.0
99.8,4850.0
99.9,4966.0
